sample_id,label_ko,event_label,motion_state,planner_reason,path_blocked,near_raw_points,near_raw_min_range_m,source_bag_stem,dominant_motion_ko,ego_motion_ko,scene_state_ko,prev_to_curr_mean_magnitude,prev_to_curr_moving_ratio,prev_to_curr_center_moving_ratio,prev_to_curr_mean_dx,prev_to_curr_mean_dy,curr_to_next_mean_magnitude,curr_to_next_moving_ratio,curr_to_next_center_moving_ratio,curr_to_next_mean_dx,curr_to_next_mean_dy,copies
person_crossing,사람,pedestrian_near,slow,person_detected,true,42,0.82,outdoor_person,화면 기준 좌측으로 이동하는 움직임,전진,동적 객체 영향 큼,2.9,0.34,0.41,-0.8,0.4,3.2,0.38,0.44,-0.7,0.5,8
vehicle_ahead,차량,vehicle_near,slow,vehicle_detected,true,55,1.25,outdoor_vehicle,화면 기준 아래쪽으로 이동하는 움직임,전진,자차 이동 영향 큼,2.4,0.29,0.33,0.1,0.9,2.5,0.31,0.35,0.1,0.8,8
traffic_cone,주차콘,cone_near,avoid,cone_detected,true,31,0.74,outdoor_cone,화면 기준 우측으로 이동하는 움직임,전진 좌회전,정적/동적 혼합,1.8,0.24,0.27,0.6,0.3,1.9,0.26,0.29,0.6,0.4,8
parking_no_sign,주차금지 표지판,sign_near,slow,sign_detected,false,12,2.4,outdoor_sign,정지 또는 미미한 움직임,정지,정적 구조 우세,0.7,0.08,0.05,0.0,0.0,0.8,0.09,0.06,0.0,0.1,8
safety_bollard,안전봉,bollard_near,avoid,bollard_detected,true,27,0.92,outdoor_bollard,화면 기준 우측으로 이동하는 움직임,전진 좌회전,정적/동적 혼합,1.5,0.21,0.22,0.5,0.2,1.6,0.22,0.24,0.4,0.3,8
trash_bin,쓰레기통,trash_bin_near,avoid,trash_bin_detected,true,23,0.95,outdoor_trash,화면 기준 좌측으로 이동하는 움직임,전진 우회전,정적/동적 혼합,1.4,0.19,0.21,-0.5,0.2,1.5,0.21,0.23,-0.4,0.3,8
wall_corridor,벽,wall_near,normal,wall_detected,false,18,1.8,outdoor_wall,화면 기준 아래쪽으로 이동하는 움직임,전진,정적 구조 우세,1.2,0.16,0.12,0.0,0.5,1.3,0.17,0.13,0.0,0.5,8
tree_sidewalk,나무,tree_near,normal,tree_detected,false,20,1.7,outdoor_tree,정지 또는 미미한 움직임,정지,정적 구조 우세,0.9,0.11,0.08,0.0,0.0,1.0,0.12,0.09,0.0,0.0,8
unknown_obstacle,기타 장애물,unknown_obstacle,avoid,unknown_obstacle_detected,true,34,0.88,outdoor_unknown,화면 기준 우측으로 이동하는 움직임,전진 좌회전,정적/동적 혼합,1.7,0.23,0.25,0.4,0.4,1.8,0.24,0.26,0.5,0.4,8
